{
  "Get All Students" : {
    "transaction" : "Get All Students",
    "sampleCount" : 30,
    "errorCount" : 0,
    "errorPct" : 0.0,
    "meanResTime" : 29.1,
    "medianResTime" : 23.0,
    "minResTime" : 8.0,
    "maxResTime" : 233.0,
    "pct1ResTime" : 33.800000000000004,
    "pct2ResTime" : 123.54999999999986,
    "pct3ResTime" : 233.0,
    "throughput" : 3.558718861209964,
    "receivedKBytesPerSec" : 1.9461743772241993,
    "sentKBytesPerSec" : 0.4483151690391459
  },
  "Total" : {
    "transaction" : "Total",
    "sampleCount" : 60,
    "errorCount" : 30,
    "errorPct" : 50.0,
    "meanResTime" : 23.383333333333333,
    "medianResTime" : 17.0,
    "minResTime" : 4.0,
    "maxResTime" : 233.0,
    "pct1ResTime" : 31.699999999999996,
    "pct2ResTime" : 51.09999999999992,
    "pct3ResTime" : 233.0,
    "throughput" : 6.346519991537973,
    "receivedKBytesPerSec" : 2.9067557383118254,
    "sentKBytesPerSec" : 1.1809857269409774
  },
  "Create New User" : {
    "transaction" : "Create New User",
    "sampleCount" : 30,
    "errorCount" : 30,
    "errorPct" : 100.0,
    "meanResTime" : 17.666666666666668,
    "medianResTime" : 14.0,
    "minResTime" : 4.0,
    "maxResTime" : 96.0,
    "pct1ResTime" : 26.50000000000001,
    "pct2ResTime" : 71.79999999999997,
    "pct3ResTime" : 96.0,
    "throughput" : 3.65274564714477,
    "receivedKBytesPerSec" : 1.34837681115305,
    "sentKBytesPerSec" : 0.8992745875441375
  }
}