{
  "Total" : {
    "transaction" : "Total",
    "sampleCount" : 250,
    "errorCount" : 0,
    "errorPct" : 0.0,
    "meanResTime" : 16.848000000000003,
    "medianResTime" : 15.0,
    "minResTime" : 8.0,
    "maxResTime" : 62.0,
    "pct1ResTime" : 24.0,
    "pct2ResTime" : 26.0,
    "pct3ResTime" : 49.76000000000022,
    "throughput" : 25.906735751295336,
    "receivedKBytesPerSec" : 1625.344073834197,
    "sentKBytesPerSec" : 3.1371437823834194
  },
  "Get Students API" : {
    "transaction" : "Get Students API",
    "sampleCount" : 250,
    "errorCount" : 0,
    "errorPct" : 0.0,
    "meanResTime" : 16.848000000000003,
    "medianResTime" : 15.0,
    "minResTime" : 8.0,
    "maxResTime" : 62.0,
    "pct1ResTime" : 24.0,
    "pct2ResTime" : 26.0,
    "pct3ResTime" : 49.76000000000022,
    "throughput" : 25.906735751295336,
    "receivedKBytesPerSec" : 1625.344073834197,
    "sentKBytesPerSec" : 3.1371437823834194
  }
}